{"stats":{"minecraft:custom":{"minecraft:jump":66,"minecraft:time_since_rest":12958,"minecraft:leave_game":1,"minecraft:crouch_one_cm":159,"minecraft:play_time":12958,"lootr:looted_stat":1,"minecraft:sprint_one_cm":8385,"minecraft:time_since_death":12958,"minecraft:walk_one_cm":10252,"minecraft:sneak_time":90,"minecraft:total_world_time":12958,"minecraft:hex":0,"minecraft:talked_to_villager":1,"minecraft:fall_one_cm":1314,"minecraft:fly_one_cm":22638},"minecraft:picked_up":{"minecraft:oak_sign":2}},"DataVersion":3465}