{"stats":{"minecraft:custom":{"minecraft:jump":141,"minecraft:time_since_rest":28118,"minecraft:leave_game":2,"minecraft:crouch_one_cm":225,"minecraft:play_time":28118,"lootr:looted_stat":1,"minecraft:sprint_one_cm":21217,"minecraft:damage_taken":40,"minecraft:time_since_death":28118,"minecraft:walk_one_cm":34042,"minecraft:sneak_time":245,"minecraft:total_world_time":28118,"minecraft:hex":0,"minecraft:talked_to_villager":1,"minecraft:fall_one_cm":3610,"minecraft:fly_one_cm":83581},"minecraft:picked_up":{"minecraft:oak_sign":2}},"DataVersion":3465}